気を付け、着席,月ノ美兎
おつちー,勇気ちひろ
おつでろーん,樋口楓
おつじめ,渋谷ハジメ
もいもいももいもいももいもい,モイラ
まったみってね～,鈴鹿詩子
ど！,宇志海いちご
おつむぎー,家長むぎ
おつリリー,夕陽リリ
しーゆーあげいん！,物述有栖
おつにゃー,文野環
✌,伏見ガク
おつあご～,剣持刀也
おつかざ～,森中花咲
おつかなえー,叶
おつばねー,赤羽葉子
お疲れ笹～,笹木咲
おつひま～,本間ひまわり
おつぽえ～,魔界ノりりむ
対あり,葛葉
おつかれ三下～,椎名唯華
おつドーラ,ドーラ
あでゅー,轟京子
おつかまかま,花畑チャイカ
おつもも,安土桃
おつかんだ,神田笑一
ぴーぴー,飛鳥ひな
おつ加齢衆,舞元啓介
異界の扉が閉じられた～,でびでび・でびる
おつりつきーん,桜凛月
おバンでした,ベルモンド・バンデラス
おつがおがお～,童田明治
おつぐんぐん,郡道美玲
お疲れ様なのだ、またねー、こんな感じー！,夢月ロア
おつはるさまでした,小野町春香
おつみや～,瀬戸美夜子
おつとこ,戌亥とこ
おつエスタ,リゼ・ヘルエスタ
おつぐさ,三枝明那
おつまひまひ～,雪城眞尋
おつ🦐,エクス・アルビオ
おつかレヴィ,レヴィ・エリファ
おつニュイ～,ニュイ・ソシエール
おつゆきー,葉加瀬冬雪
おつかれ～な～,夜見れな
お疲れ様、またね。,黛灰
おつまるー,アルス・アルマル
ういはーと！,相羽ういは
おつかれさみゃ～,天宮こころ
ほなな～,早瀬走
おつすこ～,健屋花那
おつこやーん,フミ
おつかるた～,山神カルタ
おつだは～,ルイス・キャミー
おつまおー,魔使マオ
ｼｰﾕｰ,ましろ
おつにゃらら～,奈羅花
おつまぶし,長尾景
おつげんづき,弦月藤士郎
またじ甲斐田,甲斐田晴
おつきらめ,空星きらめ
おつぽんち～,朝日南アカネ
乙堂！　またこん堂！,東堂コハク
対戦あり,アクシア・クローネ
それでは今日はここまでだ、上がってもらって結構。お疲れ,レオス・ヴィンセント
おやすみなさい､良い夢を｡,オリバー・エバンス
ごきげんよう､良い一日を。,オリバー・エバンス
ごきげんよう､良い午後を。,オリバー・エバンス
お疲レイン,レイン・パターソン
乙サロメ,壱百満天原サロメ