える,える
あいぞのまなみ,愛園愛美
あいばういは,相羽ういは
あくしあくろーね,アクシア・クローネ
あさひなあかね,朝日南アカネ
あすかひな,飛鳥ひな
あづちもも,安土桃
あまみやこころ,天宮こころ
あめもりさよ,雨森小夜
あるすあるまる,アルス・アルマル
あんじゅかとりーな,アンジュ・カトリーナ
いえながむぎ,家長むぎ
いぬいとこ,戌亥とこ
うしみいちご,宇志海いちご
うづきこう,卯月コウ
えくすあるびお,エクス・アルビオ
えまおうがすと,えま★おうがすと
えりーこにふぁー,エリー・コニファー
おのまちはるか,小野町春香
おりばーえばんす,オリバー・エバンス
かいだはる,甲斐田晴
かがみはやと,加賀美ハヤト
かたりべつむぐ,語部紡
かんだしょういち,神田笑一
きたこうじひすい,北小路ヒスイ
くずは,葛葉
くるすなつめ,来栖夏芽
くろいしば,黒井しば
ぐうぇるおすがーる,グウェル・オス・ガール
ぐんどうみれい,郡道美玲
けんもちとうや,剣持刀也
げんづきとうじろう,弦月藤士郎
さえぐさあきな,三枝明那
さくらりつき,桜凛月
ささきさく,笹木咲
しいなゆいか,椎名唯華
しすたーくれあ,シスター・クレア
しずかりん,静凛
しぶやはじめ,渋谷ハジメ
しらゆきともえ,白雪巴
じょーりきいち,ジョー・力一
すおうさんご,周央サンゴ
すこやかな,健屋花那
すずかうたこ,鈴鹿詩子
せとみやこ,瀬戸美夜子
たかみやりおん,鷹宮リオン
つきのみと,月ノ美兎
でびでびでびる,でびでび・でびる
とうどうこはく,東堂コハク
ながおけい,長尾景
なるせなる,成瀬鳴
にしぞのちぐさ,西園チグサ
にゅいそしえーる,ニュイ・ソシエール
はかせふゆき,葉加瀬冬雪
はなばたけちゃいか,花畑チャイカ
はやせそう,早瀬走
はやままりん,葉山舞鈴
はるさきえある,春崎エアル
ふしみがく,伏見ガク
ふみ,フミ
ふみのたまき,文野環
ふわみなと,不破湊
べるもんどばんでらす,ベルモンド・バンデラス
ほしかわさら,星川サラ
ほんまひまわり,本間ひまわり
まいもとけいすけ,舞元啓介
まちたちま,町田ちま
まつかいまお,魔使マオ
まゆずみかい,黛灰
もののべありす,物述有栖
もりなかかざき,森中花咲
やぐるまりね,矢車りね
やしろきずく,社築
やまがみかるた,山神カルタ
ゆうきちひろ,勇気ちひろ
ゆうひりり,夕陽リリ
ゆきしろまひろ,雪城眞尋
ゆづきろあ,夢月ロア
ゆめおいかける,夢追翔
よるみれな,夜見れな
らとなぷてぃ,ラトナ・プティ
りぜへるえすた,リゼ・ヘルエスタ
りんどうみこと,竜胆尊
るいすきゃみー,ルイス・キャミー
れいんぱたーそん,レイン・パターソン
れおすヴぃんせんと,レオス・ヴィンセント
れヴぃえりふぁ,レヴィ・エリファ
ろーれんいろあす,ローレン・イロアス
わらべだめいじー,童田明治
ひぐちかえで,樋口楓
かなえ,叶
どーら,ドーラ
ふれんいーるすたりお,フレン・E・ルスタリオ
めりっさきんれんか,メリッサ・キンレンカ
もいら,モイラ
ぎるざれんさんせい,ギルザレンIII世
しぇりんばーがんでぃ,シェリン・バーガンディ
すずやあき,鈴谷アキ
あかばねようこ,赤羽葉子
まかいのりりむ,魔界ノりりむ
とどろききょうこ,轟京子
すずきまさる,鈴木勝
りゅーしぇん,緑仙
ましろ,ましろ
ならか,奈羅花
いぶらひむ,イブラヒム
そらほしきらめ,空星きらめ
うみせよつは,海妹四葉
あまがせむゆ,天ヶ瀬むゆ
ぽんとねい,先斗寧
